코드	파일수	기정독동일계열	원료명
610868	208	0	SENSIVA SC 50
610748	99	0	OLIVE SQUALANE
610480	162	0	황련추출물
610485	97	0	HYDROJEL PFKC
610400	161	0	GLYCERINE
611990	93	0	HYALDECA COMPLEX
610311	92	0	Dissolvine NA2
610173	90	0	병풀잎수 HD
610276	90	0	Cetiol CC
610288	89	0	CARBOPOL 980
610932	79	1	SODIUM HYALURONATE(1%)-HD
611730	86	0	SK-2080
610090	143	0	1.3BG(C)
610326	85	0	DUB DIOL
610922	74	1	SODIUM ALGINATE
610516	84	0	JNA-CS 50
610742	84	0	OLIVEM 1000
611673	82	0	발아현미가루700
610145	60	0	BNC NATURAL SOLUBILIZER-K
610188	80	0	카라멜분말1호
610289	80	0	Caffeine Anhydrous_인터케어 납품처로 변경
610329	80	0	D.P.G(A)(STEVITNE LICO DPG)
610557	80	0	KM-105
610805	60	0	PUREACT WS CONC
610041	78	0	GENUGEL® carrageenan type AKW
610065	79	0	AQUAXYL
610422	79	0	GENU GUM RL-200
610454	59	0	HYDROVANCE
610674	59	0	MADECASSOSIDE EXTRACT (HD)
610676	59	0	MONTANOV L
610747	59	0	OLIVE OIL REFINED
610947	79	0	제조원INTERCARE변경181210_사막선인장추출물_INTERCARE
610998	79	0	SEPINOV WEO
611067	130	0	PC-12HD
611222	79	0	BERGAMOT OIL
610028	77	0	ANTI SEBUM P(HD)
610598	77	0	L-Arginine
611050	58	0	TEA TREE EXTRACT(HD)
611125	77	0	Zemea® Select Propanediol
611845	58	0	CELLOSIZE™ Texture E4M Hydroxypropyl Methy
611941	58	0	SHEA BUTTER PRESSED AND REFINED
610042	57	0	RAIN FOREST 03091 (COSMETIC GRADE ANNATTO 
610148	76	0	Botaniceutical Plus-10
610363	57	0	ERYTHRITOL
610829	126	0	RONACARE ALLANTOIN
611040	57	0	TEGO CARE 450
611588	57	0	Sunsoft Q-14Y-C
610198	75	0	COSMEDIA SP
610553	56	0	KELTROL F
610686	56	0	Meadowfoam Seed Oil
610201	55	0	체리 추출물
610321	122	0	D-PANTHENOL
610444	73	0	Green Tea Extract (HD)
610802	55	0	PURESYN 4
611580	55	0	DIGLYCERINE S
611614	73	0	Green Calming Complex(CJ)
610212	54	0	치자추출물-B
610634	72	0	MITAINE CA
610891	54	0	SEPINOV EMT 10
610934	72	0	SWD OIL-H
611410	54	0	ROSEMARY OIL
610157	53	0	병풀EXTRACT(HD)
610284	53	0	COLLAGENEER
610364	70	0	ELEMENT 14 PDMS-100
610631	70	0	M-HYDRO EG
610688	118	0	NATROSOL 250 HHR
610963	53	0	Salmon Milt DNA-Na(SODIUM DNA)
611001	53	0	SEABUCKTHORN OIL
611048	70	0	TREHALOSE 100
611078	71	0	ULTREZ 21
611429	53	0	SPRING NAT
610034	52	0	에키나세아 추출물
610121	52	0	BIOPHILIC H
610221	52	0	CMC(보락)
611113	52	0	XYLITOL
611542	115	0	SUNSOFT Q-12Y-C
611567	52	0	TSA-750S(SILSOFT 750)
610108	68	0	바다제비집추출물
610661	68	0	MICONOL C2M
610830	113	0	RADIAMULS 2107K(MCT)
610844	51	0	로즈마리엑스(KQC)(HD)
611628	51	0	SWEETONE
611749	51	0	CT BASE-MF
610110	67	0	백송로버섯 추출물
610116	66	0	블랙베리추출물
610167	66	0	복숭아추출물
610177	67	0	CREMOPHOR RH60
610223	50	0	CERASOME
610313	111	0	D.P.G
610357	111	0	DERMOFEEL PA-12
610361	110	0	DISSOLVINE NA2-S
610420	50	0	감초 추출물
610421	66	0	GENUVISCO CI-105
610569	66	0	KAOLIN JP-100
610607	42	1	LANETTE 22
610791	50	0	PF)1％ OLIGO-HA
611028	111	0	TROMETHAMINE
611733	66	0	인진쑥300
610449	49	0	HA-LQH
610635	49	0	마치현추출물-TLS
610895	49	0	SALICYLIC ACID
611476	49	0	TEA TREE OIL
611702	49	0	SIMULGEL EPG
610087	64	0	아르니카 추출물-NP
610175	48	0	CARBOPOL940
610308	48	0	CAMPO SIDDHA NEER PAZCHAI (GREEN,WSL)
610345	48	0	DF COMPLEX
610409	48	0	GEOTITAN SD-200
610495	48	0	HYDROJEL OILPFKC
610930	107	0	SYN-COLL (프랑스, HS Code 3824.99.9090)
611590	64	0	병풀잎 줄기가루 30-50
611794	48	0	제주청귤추출물
611868	64	0	Moist-7 Complex
610134	47	0	BIO-GLUTATHIONE 100H
610192	62	0	CEH
610245	63	0	CARBOPOL981
610273	62	0	CACAO POWDER
610309	47	0	CENTELLA ACIATICA SOME-ANC
610360	63	0	Dermosoft GMCY
610365	105	0	ETHANOL K95_한국알콜산업(KAI)
610565	62	0	KM-205
610693	47	0	NATURAL PROTECTOR
610851	47	0	DL-PANTHENOL(XINFA PHARMACEUTICAL)_케이제이케미칼
611009	63	0	SC GLUCAN(H)
611010	47	0	SNOW ICE
611037	63	0	PEMULEN(TM) TR-1
611249	104	0	DR 7 NAT
611734	62	0	인진쑥500
611835	47	0	CERATROM® B-Wax
611971	47	0	RECOLLAGEN WATER
610139	61	0	BENTONITE NF BC-670
610431	46	0	GLUCONO DETTA LACTON
610437	61	0	GENUGEL® carrageenan type WR-78
610642	61	0	MYRiTOL-GTEH
610665	46	0	MALAKITE
610689	102	0	GENENCARE OSMS BA
610764	61	0	PALMAC 630(STEARIC ACID)
611208	38	1	AQUA 10 NAT
611530	61	0	RADIAN DERMA-CLERA
611634	46	0	OKINACEA EL
611717	61	0	ROQUETTE GA290
611719	46	0	VITA12SOME-EWG
611791	46	0	MADECASSOSIDE
611844	46	0	어성초수
611925	46	0	ECOCERAMIDE DESERT CACTUS
611942	46	0	사철쑥추출물(AN)
610208	45	0	COCONUT OIL REFINED
610300	45	0	Campo Siddha Neer Kaddal Neelam_Ultra Sky 
610306	45	0	CERAMOSIDES™ HP
610511	45	0	IPG-S
610670	45	0	MKR-1
610923	45	0	SUPERBERRY COMPLEX3 (HD)
611415	45	0	ROSE MARY 1 ROSE
611545	45	0	SILGREEN-C
610873	44	0	SF0015Z(SERASENSE SF CM 56)
611083	44	0	VITA COMPLEX 10
611973	44	0	POLYAQUOL-2W
610213	43	0	치자추출물-R
610226	43	0	CARBOPOL AQUA SF-1
610566	43	0	Keltrol CG-SFT
610604	27	2	LEMON JUICE(W)(HD)
610835	43	0	REFINED JOJOBA OIL[TEXTRON(스페인)]
611574	43	0	ACNILYS
611927	43	0	LIPOCIRE A SG
610777	42	0	PURAC ULTRAPURE 90
610783	42	0	PLANTACARE 818UP
611072	42	0	UREA
611524	42	0	비누풀뿌리 Extract(HD)
611620	42	0	ACB Fruit Mix
610160	41	0	Barbary Fig Oil Organic
610279	41	0	COS-VCE
610477	41	0	TRIPLE HA
610626	41	0	D-솔비톨액(PS02)
610819	41	0	PAPAIN
611114	41	0	연꽃 추출물
611612	41	0	사철쑥 Extract(HD)
611742	41	0	율무씨가루300
611745	41	0	프리바이오틱스(H)
611793	41	0	LOOK OLÉOACTIF®
611821	41	0	당호박추출물
610287	40	0	CAMPO SIDDHA NEER KARUSHALAI KOVAI_BROWN R
610350	40	0	Dermofeel BGC
610571	40	0	KSG-16
610617	40	0	MACADAMIA NUT OIL REFINED
611254	40	0	닥터자르트 cicapair line organic essential oil 
611616	40	0	Polycast-3
611705	40	0	Pemulen EZ4U
611917	40	0	핑크알로에추출물(무색)
611923	40	0	BENTONE GEL® GTCC V
610084	39	0	AQUALICIA
610111	39	0	비타민 나무 추출물
610247	39	0	CAMPO SIDDHA VEPUVILLAI KARUSHALAI YENAI(핑
610270	39	0	칼라민 파우더
610301	39	0	CALENDULA OIL SOLUTION
610342	39	0	DM-SYLISYLI
610548	39	0	자작나무수액(HD)
610556	39	0	KOH 90％
610874	39	0	SF5600Z(SERASENSE SF PTM)
610981	31	1	SODIUM BICARBONATE
611089	39	0	VOLUFILINE
611470	39	0	SKIN CARE EA 04630
611560	31	1	Aristoflex HMB
611575	39	0	위치하젤추출물
611641	31	1	SNAIL LF-73B
611948	39	0	NEOSSANCE SQUALANE
611988	39	0	스트렙토코쿠스발효물
610074	38	0	Aqupec HV-505HC(원료단종)
610271	38	0	CRODAMOL DES-LQ-(JP)
610398	38	0	Floraesters K-20W® Jojoba
610621	38	0	MANGO BUTTER (공급중단-사용금지처리)
610910	38	0	SEPIPLUS 400
611008	38	0	SOOTHING COOLER EX(H)
611369	38	0	LAVENDER OIL(아로마뱅크)
611576	38	0	펩타이드 complex
611589	38	0	Ultrez 30
611667	38	0	TAISET 50-C
611708	38	0	카렌둘라꽃추출물 HD
611950	38	0	풋사과 Extract(HD)
610037	37	0	AMINO ACID COMPLEX (B)
610063	37	0	AVOCADO OIL
610243	37	0	COS-BSA
610267	37	0	CARBOPOL ETD 2020
610787	37	0	PLANTACARE 2000UP
610818	37	0	Proteol APL EF
611559	37	0	Sensasil PCA-LQ-(AP)
611579	37	0	PEMULEN TR-2 POLYMER
611629	37	0	SUNFLOWER OIL HIGH OLEIC
611750	37	0	사막선인장꽃추출물(P)
611777	37	0	오트밀추출물 HD
610330	36	0	DOWSIL 2501 Cosmetic Wax
610702	36	0	NATURAL CELLULOSE
610806	36	0	PLANTASENS OLIVE LD SP ECO
610831	36	0	FLOCARE™ ET 100
611355	20	2	LEMON A23051
611516	36	0	ADEKANOL GT-730
611681	36	0	ATM-4 NAT
611704	36	0	[PF]SKINCARE S1801906
611991	36	0	SYMSITIVE 1609
610036	35	0	AHA FRUITS COMPLEX
610239	35	0	CTP(1000PPM)(HD)
610241	35	0	참숯 EXTRACT(HD)
610268	35	0	CELITE 281
610381	6	4	Eumulgin CO60
610597	35	0	LEXFEEL 7
610735	35	0	Organic Lemon Balm Extract_모아캠
610807	35	0	편백수(H)
611047	35	0	PORE CLEAR COMPLEX(HD)-탄닌콤플렉스
611642	27	1	Blue Complex-HR
611829	35	0	SKIN CARE HP-AI18038
611869	35	0	인동덩굴꽃 Extract(HD-PG5)
611885	35	0	OLIVEM 2020G
611987	35	0	S-Softning EM
610172	34	0	BELSIL DM 0.65
610354	34	0	동백꽃추출물
610439	34	0	GlucanREAL
610490	34	0	Hyalpol Matrix
610554	34	0	KONLUB DR-701C
610570	34	0	KUNIPIA G
610682	34	0	MORINGA OLEIFERA SEED OIL
610822	34	0	PROBIOTIC COMPLEX (HD)
611188	34	0	COLLAGEN HYDROLYZED I PERFORMANT FISH TYPE
611499	34	0	대나무수-HD
611555	34	0	Ultrez 20
611619	34	0	WELYCARE ATBS
611982	34	0	PHYTO COLLAGEN(HD)
610154	33	0	BETA-GLUCAN(HD)
610253	33	0	초유 EXTRACT(HD)
610341	33	0	다마스크장미꽃수W(HD)
610623	33	0	우유단백질추출물
610729	33	0	Neossance Hemisqualane
610824	33	0	팥파우더(20-40)
610896	25	1	SWEET ALMOND OIL REFINED
610935	33	0	SJ-UNIJEL OIL(H)
611092	33	0	비타민나무열매추출물 (대한민국, 국내제조로 HS Code제공어렵다함)
611512	33	0	Puramex Zn
611591	33	0	알로에베라잎즙-HD
611593	33	0	티트리잎(24mesh 이하)
611764	33	0	SLLS NG
611775	33	0	녹차수-HD
611847	33	0	약쑥추출물
611933	33	0	코코넛야자열매추출물
610123	32	0	BAOBAB EXTRAT(HD)
610170	32	0	BRILLIAN-CSA (Capryloyl Salicylic Acid)
610417	32	0	GLUCAM E-20
610442	32	0	GNO-Pearl G
610483	32	0	화이트윌로우껍질추출물(L.H)
610534	32	0	JEJU ALOE EXTRACT(HD)
611071	32	0	유칼립투스추출물(H)
611241	32	0	CAMELLIA-99W
611501	32	0	대나무추출물
611510	32	0	데이지꽃추출물
611511	32	0	인도멀구슬EXTRACT(HD)
611597	32	0	IndiEster DSM
611883	24	1	AQUA TOCOPHEROL (10%)
611977	32	0	KAK 99
610027	31	0	AN 3 MARINE COMPLEX
610061	31	0	ARGAN OIL ORGANIC
610131	31	0	백차추출물(H)
610503	31	0	홍삼 Extract(HD)
610536	31	0	자작나무수액PE(ECO)
610552	31	0	진주추출물-NP
610568	31	0	KF 96A-6CS
610572	31	0	KELCOGEL
610700	31	0	녹차추출물(PF)
610718	31	0	NSG-L
610753	31	0	OLIFEEL TD 7525
610810	31	0	PMX 1184-Fluid
610836	31	0	r-PGA(CS γ-PGA)
610917	31	0	S.O.S-20
610950	31	0	SJ-UNIJEL MS(H)
610973	31	0	SALACOS 5408
611004	31	0	석류추출물
611007	31	0	Sepicalm™ VG WP
611017	31	0	SENSITIVE MOISTURE COMPLEX (2)
611111	31	0	WECOBEE® S (단종-사용금지처리)
611298	31	0	FLORAL 17 NAT
611519	31	0	TRIETHYL CITRATE(TEC)
611570	31	0	EMEREX EH 2660
611627	31	0	PULLULAN DUOLUX CM
611726	23	1	LACTOBIONIC ACID
611755	31	0	MUNG 1161
611761	31	0	DEEP-TOX PACK POWDER(2)
611881	31	0	BLUEBERRY-81W
610176	30	0	CARBOPOL941
610234	30	0	CHOLESTEROL JSQI(구, CHOLESTEROL JP 구구 CHOL
610242	30	0	CETIOL HE
610269	30	0	CLOISONNE GOLD (222C)
610397	30	0	FUCOIN-1000
610460	30	0	황금 추출물
610494	30	0	HA-SOLUTION HD(0.5%)
610722	30	0	NATROSOL 250 HR
610763	30	0	FOAMYSENSE™ 205 Polymer
610775	30	0	페퍼민트 추출물
610866	30	0	SINARFA1499(PALMAC 98-14)(MYRISTIC ACID)
610921	30	0	수박 EXTRACT (HD)
611060	30	0	TORNARE
611185	30	0	JEWELRY COMPLEX
611191	30	0	히말라야핑크솔트
611526	30	0	RICE-740W
611631	30	0	SEA GRAPE EXTRACT
611633	22	1	FRAGRANCE F1600573
611746	30	0	블랙커민씨오일인퓨전(1%)
611884	17	2	A-CAP Pink
610335	29	0	DOW CORNING FB-9586
610389	29	0	파파야추출물
610404	29	0	GLUTATHIONE. REDUCED
610418	29	0	갈락토미세스발효여과물-WP
610458	29	0	HG-407
610496	29	0	해양심층수(HD)
610521	29	0	제주용천수(용암해수)
610652	29	0	Multi Seaweed Complex (HD)
610667	29	0	마린 발효 콤플렉스(HD)
610749	29	0	OLIWAX LC
610768	29	0	KERAPLANT NPNF
610782	29	0	PVP K-30
610809	29	0	PVP K-90 (제조사 구분)
610924	29	0	STRUCTURE XL
610974	29	0	SAFEELIA SC-250TP
611068	29	0	유채꿀추출물
611505	29	0	Flexan II
611525	29	0	위치하젤수(HD)
611682	29	0	레드프로폴리스추출물
611695	29	0	Green Energy Complex(H)
611748	29	0	다시마추출물-LP
611779	29	0	선인장EXTRACT(L)(HD)
611832	29	0	COVASTYLE MBS
611903	29	0	AN자작나무수액 HD
611944	29	0	CERACARE H40EX
611996	29	0	MARINE COLLAGEN EXTRACT
610109	28	0	브로콜리 추출물
610283	28	0	DS-CERAMIDE Y3O
610353	28	0	DERMOFEEL GSC
610374	28	0	Emalex GWIS-320EX
610377	28	0	ELDEW PS-203
610423	28	0	갈조류 Complex(HD)
610446	28	0	Green A50 Base
610510	28	0	I.P.P
610533	28	0	JEJU LEMON EXTRACT(HD)
610611	28	0	락토바실러스 콩발효추출물
610659	28	0	MONTANOV 202
611392	28	0	PEPPERMINT OIL
611583	28	0	CELTOSOME Crithmum maritimum
611659	28	0	HAPPY VITA(유자)
611683	28	0	영지 Extract(HD)
611727	28	0	ACQUACELL
611800	28	0	CM PRECIDE-3(EWG)
611813	28	0	HONEY5089
611978	28	0	PolyAquol™-VO4
611999	28	0	위치하젤잎수
610059	27	0	A2P CONTROL-500(NC)
610081	27	0	어성초EXTRACT(HD)
610126	27	0	바이오미메틱 플루이드 티어스
610130	27	0	백련초 Extract(HD)
610158	27	0	백설탕
610168	27	0	블루베리 Extract(L)(HD)
610388	27	0	FATTY ALCOOL 1899(C1899)(스테아릴알코올)
610890	27	0	10-SEED OIL
611095	27	0	위치하젤추출물
611190	27	0	Vita 8 Complex(HD)
611248	27	0	DR 3 NAT MSDS 수정파일(최종)
611321	27	0	GERANIUM OIL
611544	27	0	블루아가베 EXTRACT(HD)
611557	27	0	TMF-1.5
611615	27	0	Green Vital Energy Complex(HD)
611647	27	0	HYDSOL-H6
611724	27	0	박하추출물
611760	27	0	녹두 EXTRACT(HD)
611766	27	0	DECORINYL functional ingredient A
611790	27	0	SKIN CARE NA 09602
611807	27	0	CAMPO SIDDHA NEER KATTHARI_VIOLET(WSL)
611812	27	0	BALANCE RCFg
611816	27	0	PACK GS95238
611874	27	0	SIMULGEL FL
611929	27	0	GLYCO-REPAIR BS
610097	26	0	BEES WAX
610248	26	0	CAPCOLORS CV-WSS
610368	26	0	EN 5 COMPLEX-CH
610379	26	0	Effipulp
610408	26	0	SRX-7 H
610481	26	0	HEXYLENE GLYCOL
610497	26	0	하와이 화산재 Extract(HD)
610531	26	0	JEJU CUCUMBER WATER(HD)
610537	26	0	제주 알로에 추출물
610655	26	0	막걸리 Extract(HD)(CH)
610925	26	0	SPHERICA P-1500
611021	26	0	TEA
611090	26	0	VITA10SOME-WO
611093	26	0	VEGEX® Lutein WSC50 Liquid
611364	12	2	LEMON OIL
611523	26	0	SELA EA-999
611529	26	0	SAKE Extract (HD)
611539	26	0	PONCIRUS EXTRACT
611543	26	0	Derma-Idebesome 2%
611586	26	0	KF-56A
611624	26	0	오이 Extract(HD)
611637	26	0	OLIVEM 900
611665	26	0	LYCOPENE COMPLEX
611694	26	0	누에고치추출물(H)
611714	26	0	CAMPO SIDDHA KARUSHALAI YENAI_ NATURAL BRO
611773	26	0	MICRO CRM-EWG
611843	26	0	SKIN CARE S1901593
611853	26	0	CHLO 3457
611863	26	0	아이슬란드빙하수(HD)
611937	26	0	햄프씨드오일(L)
611985	26	0	JEECHEM NDA-HC
610092	25	0	병풀추출물
610174	25	0	BIO EXTENSIN(HD)
610249	25	0	CAMPO SIDDHA INDRA NEELAM YENAI(블루)
610373	25	0	NF-ESTER EHS
610567	25	0	KF-6017
610632	25	0	MONTANOV 68
610694	25	0	NOVEC HFE7100
610852	25	0	REWODERM® LI S 80
610858	25	0	Red A40 Base
610863	25	0	RISONOL 20SP
610899	25	0	사탕수수 추출물-GS
610976	25	0	SYN-AKE
611110	25	0	월계수잎 Extract(HD)
611115	25	0	연어알추출물
611378	25	0	MANDARIN OIL
611417	25	0	ROSE NAT MIX
611466	25	0	SKIN CARE RA10357
611495	25	0	SUNSOFT M-12JW
611527	25	0	쌀배아 Extract(HD)
611554	25	0	탄제린추출물-GS
611571	25	0	MICONATE LES(H)
611664	25	0	울릉도 해양심층수(HD2)
611685	25	0	CARRAGEENAN WG-3(카라기난)
611696	25	0	SunEther L-4
611701	25	0	EWG GREEN 5 Oil COMPLEX
611709	25	0	SIMULGEL NS
611716	25	0	SEPIMAX ZEN
611722	25	0	PARAFFIN WAX
611756	25	0	녹두가루300
611778	25	0	홍차수(SL-HD)
611804	25	0	LEMO4512
611833	25	0	토마토추출물 HD
611889	25	0	홍차수(SL-HD)
611911	25	0	SKIN CARE S1901588
611912	25	0	TINOSORB S
610002	24	0	ADEKA NOL GT-700
610085	24	0	ARLACEL 2121
610089	24	0	브라이트닝마스크(complex)
610112	24	0	바나나추출물
610369	24	0	ECM-5(HD)
610470	24	0	본소금(한주소금) (620348_한주소금)
610472	24	0	효모발효여과물
610484	24	0	HerbEx Resveratrol 0.5TM
610547	24	0	자소엽 Extract(HD)
610587	24	0	로얄제리 추출물
610619	24	0	MICOPOL LDE
610654	24	0	액상카라멜
610817	24	0	PHYCOSACCHARIDE APG
610883	24	0	SHEA BUTTER REFINED
610942	24	0	쌀겨 EXTRACT(HD)
610949	24	0	세이지엑스(KQC)(HD)
611366	24	0	LAVENDER OIL
611520	24	0	BUBBLE COMPLEX
611553	24	0	BIOTILYS(NAT)
611573	24	0	Evening Primrose Infused Oil
611607	24	0	VITA COMPLEX 10(AN)
611623	24	0	MOTHER HUG CSN018446
611650	24	0	MAP
611711	24	0	ABIL WAX 9800
611723	24	0	라즈베리추출물
611757	24	0	YELLOW A30 BASE
611772	24	0	HB-PCG
611776	24	0	[PF]GREEN TEA 2 NAT
611851	24	0	Natural Blue EX
611886	24	0	FMT 2 COMPLEX
611914	24	0	SKIN CARE S1801874
611953	24	0	FULL MOIST(HD)
611983	24	0	CHIA SEED COLLAGEN
611989	24	0	프룩토올리고사카라이드 JHD
610076	23	0	아보카도추출물(HD)
610149	23	0	백단향 Extract(HD)
610256	23	0	CORUM 5117
610295	23	0	CALCIUM CHLORIDE
610359	23	0	드럼스틱나무씨 EXTRACT(HD)
610489	23	0	히비스커스 Extract (HD)
610491	23	0	Hyapol Matrix-HD
610535	23	0	제주 동백 오일
610541	23	0	장미추출물
610544	23	0	JEJU 비트추출물(HD)
610709	23	0	NCOS PLANTS COMPLEX(H)
610724	23	0	NATURAL WAX JELLY(PC-511)
610739	23	0	올리브 추출물
610814	23	0	ISOSTEARIC ACID EX
610994	23	0	Squeeze Pink Complex(HD)
611002	23	0	SALACOS 3318
611044	23	0	TRUFFLE EXTRACT(HD)(송로버섯)
611192	23	0	BN B
611244	23	0	DEBORAH SC
611322	23	0	GRAPEFRUIT OIL
611325	23	0	Greenery Day CSN031543
611550	23	0	인삼수(HD-3)
611592	23	0	어성초 파우더 (10~40mesh)
611703	23	0	VELVESIL 034
611741	23	0	ULTRA-VENTILATED SEA CLAY-변경 Lutum47 CA
611758	23	0	SKIN CARE S1801205
611768	23	0	AQUA-805W
611809	23	0	100% Nat. Rosemary Oil
611880	23	0	ESSENCE-515M
611891	23	0	SKINCARE NA08608
611915	23	0	푸른연꽃추출물
611916	23	0	수소수(HD2)
611919	23	0	GREEN 3 COMPLEX
611931	23	0	BIOECOLIA
610140	22	0	BERACLAY BLACK
610215	22	0	초정탄산수-HD
610233	22	0	CALENDULA-MF-NP
610250	22	0	CAMPO SIDDHA MANJAL YENAI(옐로우)
610285	22	0	치자추출물(Y)
610307	22	0	Calming dressing(HD)
610344	22	0	동백꽃 EXTRACT(HD)
610346	22	0	DRAGOSINE
610376	22	0	의이인엑스(KQC)(HD)
610513	22	0	I.P.M
610725	22	0	녹차수(HD)
610740	22	0	오지탕
610902	22	0	SK-INFLUX V
610962	22	0	SILSOFT 034
610964	22	0	SYN-HYCAN
610977	22	0	3 HERB COMPLEX
611066	22	0	U-ACTIVE AB
611096	22	0	윈터그린잎추출물
611124	22	0	연근추출물
611196	17	1	AQUA HOLIC-594W
611599	22	0	SHEA BUTTER PRESSED AND REFINED
611651	22	0	Microsafe HBO
611763	22	0	SCS Sol.(H)
611795	22	0	KODANOL D
611850	22	0	KOMBUCHA(HD)
611921	22	0	쑥추출물 J
611939	22	0	Bright Oleoactif
611951	22	0	AMP ULTRA PC 1000
611975	22	0	SUNSOFT Q-8H-C
610020	21	0	ABIL EM 90 (220302-자료전체적으로 다시받아야함)
610060	21	0	아쿠아포린컴플렉스
610077	16	1	AQUA SHEA BUTTER-IT
610262	21	0	캐럽콩추출물(H)
610294	21	0	클로로필 추출물(파슬리)
610334	21	0	대나무 숯 분말
610519	21	0	자몽추출물
610580	21	0	KAK 109
610639	21	0	망고추출물
610678	21	0	MOISTSOME-ANC
610710	21	0	Green Tea Powder(녹차가루,녹차분말)
610774	21	0	업무연락 _ Proteol APL 자료 첨부의 건(개정)
610794	21	0	PURACAL PPFCC
610820	21	0	Pink Complex(H)
610876	21	0	석류추출물
610884	21	0	SF1000N-5CS(SERASENSE SF5)
610889	21	0	산양유 추출물
610968	21	0	SENSITIVE MOISTURE COMPLEX
611031	21	0	토마토추출물
611187	21	0	콜라겐 수
611189	21	0	노르데나우수-WP
611344	21	0	HERMIN 9767
611531	21	0	유기농병풀추출물 (HD)
611577	21	0	FRAG-44296
611611	21	0	프랑스라벤더꽃수-HD
611638	21	0	CS-CHARCOAL 350NP
611684	21	0	Refinded LBG #33038
611693	21	0	누룩발효COMPLEX7
611721	21	0	FMT 3 COMPLEX
611759	21	0	감잎 EXTRACT(HD)
611783	21	0	Who History A CSN038627
611862	21	0	CICA BIOME™(H) (비건불가-Vegan X)
611865	21	0	CACAO CHOCOLATE HP-Al28554
611895	21	0	OMEGA369-ANC
611908	21	0	PARSOL EHS
611972	21	0	MAGNOLIA-1067W
610045	20	0	ALOE WATER(H)(HD)(국내용)
610064	8	2	AMILITE GCK-12
610073	15	1	AQUA 6CS
610156	20	0	BIO PROTECTOR
610225	15	1	COSMI KC306
610263	20	0	Chia Seed Extract(HD)
610277	20	0	C-10.000P-WS-AP
610290	20	0	CM PRECIDE-3(AT-NPC PLUS)
610318	20	0	당귀추출물
610371	20	0	EGS-D
610405	20	0	검정콩 추출물
610435	20	0	강황 Extract(HD)
610445	20	0	Gransil 530
610466	20	0	호장근추출물
610473	20	0	홍조류 COMPLEX (HD)
610498	20	0	황백추출물(H)
610585	20	0	LECIGEL
610588	20	0	로즈힙 추출물
610677	20	0	MARINE COLLAGEN H2000
610773	20	0	PG-F (PROPYLENE GLYCOL)
610919	20	0	새삼씨추출물
610951	20	0	SK-SIL 5000
610952	20	0	SOFTSAN 378
610972	20	0	Salacos DG-180
610997	20	0	Squeeze Green Complex(HD)
611076	20	0	USC1994-LS(USC-K)
611086	20	0	VITACEL CS 150F
611087	20	0	VEEGUM R
611112	20	0	XIAMETER PMX-1501
611216	20	0	BLOSSOM DEWY CSN008606
611330	20	0	HONEY CLEAN FR1006999
611337	20	0	Feeling Story CSN053662
611361	7	2	LEMON NAT
611498	20	0	SKIN CARE EA 09505 - 아로마라인
611500	20	0	대나무잎추출물
611540	20	0	AQUASIL OIL ARGAN
611596	20	0	FLORAESTER 60
611609	20	0	다마스크장미꽃수-HD
611626	20	0	벚꽃추출수-HD
611715	20	0	CAMPO SIDDHA KARUM KARUPPU YENAI DARK BLAC
611720	20	0	파인애플 추출물
611732	20	0	KONION PEG-400
611747	20	0	Potassium Chloride
611762	20	0	수용성프로테오글리칸-GS (Natural Solution)
611792	20	0	수분초추출물 HD
611842	20	0	KSG-210
611858	20	0	ROSE EVELYN-598B
611910	20	0	SANGELOSE 90L
610986	14	1	Snail Secretion Filtrate(J)(HD)
611102	14	1	WHITE FLOWER COMPLEX 10 VCLE(HD)
611660	14	1	AQUA 15 NAT
611091	13	1	Vitamin F glyceryl ester
611918	12	1	FRAGRANCE A97058
611517	11	1	BODY CARE GS75090
611997	11	1	SODIUM HYDROXIDE BEAD 98%
610030	10	1	AQUA TOUCH L
610082	19	0	ACT RED COMPLEX 8 (조성비 Red Ginseng Root로 변
610162	19	0	BLACK COMPLEX (HD)
610297	19	0	참마뿌리 추출물 (HD)
610382	19	0	EARTH MARINE WATER G
610385	19	0	EMULFREE CBG MB
610538	19	0	제주 참미역(EXTRACT)(HD)
610596	19	0	LEXFEEL SHINE
610601	19	0	L-MENTHOL
610633	19	0	마누카꿀추출물-W
610658	19	0	MADECASSOSIDE 100ppm
610671	19	0	MANDARIN EXTRA
610716	19	0	NEUROLIGHT. 61G
610720	19	0	NOVETHIX™ L-10 POLYMER
610758	19	0	ORIENTAL DEW DROP
610837	19	0	REFINED ROSEHIP OIL
611058	19	0	Talox BL 100P
611329	19	0	HP-316819(딸기향) (토니모리집나간딸기씨-알러젠프리X)
611401	19	0	PACK GS74694
611405	19	0	PACK GS74685
611469	19	0	SKIN CARE S1800811
611487	19	0	YLANG OIL
611504	19	0	15 GREEN COMPLEX
611521	19	0	숯가루 솔루션-HD
611528	19	0	HYDROLYZED RICE PROTEIN (HD)
611562	19	0	GRANSIL VX-406
611563	19	0	Glycacid ECO
611566	19	0	노니추출물
611601	19	0	SMART LC BASE
611630	19	0	RISH 2952
611649	19	0	FRAG-89716
611655	19	0	죽순 추출물-AN
611670	19	0	수박추출물(초저온)
611740	19	0	SEPIGEL 305
611782	19	0	HAN-803W
611823	19	0	노니열매 Extract(L)(HD) (코딩번호 변경됨 이전 611806)
611875	19	0	SKIN CARE NA 09846
611897	19	0	LAVENDER-646B
611943	19	0	SILSHINE 150
611980	19	0	Very Berry Complex
610014	18	0	AMAZONIAN WHITE CLAY
610143	18	0	블랙커런트열매 EXTRACR(HD)
610159	18	0	Butterfly Pea Extract (AG)
610214	17	0	치자홍화추출물-BS
610232	17	0	CENTELLA ASIATICA_납품처 에이스바이오팜 상호명 변경
610238	18	0	차가버섯 EXTRACT(HD)
610254	17	0	CACAO EXTRACT(L)(HD)
610255	18	0	CARBOPOL934
610261	17	0	캐비어추출수-HD
610264	17	0	CHERRY EXTRACT(HD)
610272	17	0	COLOR BASE #01
610293	18	0	클로로필 추출물(아보카도)
610358	18	0	DB-AN Complex II(H)
610384	17	0	Emalex GWIS-108
610412	18	0	GRAINFRU COMPLEX2
610415	17	0	꽃송이버섯 EXTRACT(HD)
610502	18	0	Herb-AN Complex(HD)
610526	17	0	제주 병풀 추출물
610542	17	0	쟈스민추출물
610574	17	0	KELTROL T-PLUS
610577	17	0	KY-MF-1
610613	18	0	LECINOL S-10
610653	18	0	MULTI WAX
610666	18	0	마카EXT(W)(HD)
610679	18	0	MULTIEX BSASM® PLUS
610681	18	0	Moisture Balance Complex(H)
610743	17	0	오미자 Extract(HD)
610761	18	0	ON-MEDI LINE®(H)
610776	17	0	프로폴리스 추출물
610778	18	0	PHYTOACT COSYPLEX
610937	18	0	쌀겨수(HD)
610948	18	0	SOFTIGEN OIL Barbary Fig Organic (공급중단-600
610987	18	0	스피어민트추출물
610992	17	0	Squeeze Orange Complex(HD)
611012	17	0	Serasol SC 81
611030	18	0	티트리추출물
611065	17	0	유기농알로에베라추출물(켈리포니아 알로에베라 추출물)
611081	18	0	VASELINE(MERKUR 500)
611194	18	0	ACAIBERRY-4W
611267	18	0	FRAG-61290
611418	17	0	SUMMER MARBLE
611490	17	0	Skin Care S1800732
611537	17	0	COTTON EXTRACT WATER-HD
611552	18	0	Phyto Collagen (HD)
611569	18	0	AMINON C-11S
611635	18	0	프랑스산장미수-HD3
611643	18	0	연꽃수(DPG-HD)
611654	18	0	감자 추출물-AN
611679	17	0	매실Extract(HD-AN)
611728	17	0	MC-BNC
611765	18	0	SYN-TC
611767	18	0	ALOE 4P06456R (알러젠 개선 향)
611805	18	0	Betterzyme HD
611817	18	0	SHOWER-348B
611836	17	0	LEMON-503W
611876	17	0	SKIN CARE NA 09401
611888	18	0	PACK GS97174
611894	17	0	PACK GS95241
611898	17	0	Jarret Tea
611906	17	0	DEFENSIL
611920	17	0	SKIN CARE TA02877
611922	18	0	SKIN CARE NA11865
611928	18	0	ERASYAL
611934	18	0	MICROEMULSION COP-345
611949	18	0	BAYCUSAN C 10041
611955	18	0	그린프로폴리스추출물-GS
611984	18	0	낫토검콜라겐
610141	16	0	BEAN COMPLEX(H)
610153	16	0	BLAUNON SO-30TO
610155	16	0	B9-VITAPOL
610194	16	0	키위추출물
610211	16	0	캐비어추출수-PE
610228	16	0	COLORLETS-RED(JAD)(20-30mesh)
610320	16	0	대나무추출물
610343	16	0	닥나무뿌리 EXTRACT(HD)
610378	16	0	2N 콜라겐(GT콜라겐)
610386	16	0	ELFAN AT-84G
610394	16	0	FFS COMPLEX
610469	16	0	해바라기씨 추출물
610474	16	0	흑진주추출물(H)
610499	16	0	흰무늬엉겅퀴추출물
610524	16	0	제주녹차추출물
610584	16	0	LP(LILY 70)
610614	16	0	Lifting dressing(HD)
610660	16	0	MAKIMOUSSE 7
610669	16	0	머드추출물2
610703	16	0	NATURO KP-5
610781	16	0	COLLUPULIN MG(구 PAPAIN T 100)
610803	16	0	PVA-217
610821	16	0	PURASAL S
610825	16	0	팥추출물
610918	16	0	SEA WATER(H)(P)
610926	16	0	생강추출물(H)
611011	16	0	수세미 추출물 NP
611057	16	0	TEGO BETAIN 810
611107	9	1	WHITE A50 BASE
611225	16	0	CITRUS-5410W
611317	16	0	GERANIUM OIL HA-AG15227
611365	16	0	LEMONGRASS OIL
611368	16	0	RASPBERRY-340L
611398	16	0	PEACH-804L
611433	9	1	SWEET HONEY-39W
611465	9	1	SWEET HONEY EL0057474
611492	16	0	ESSENCE-63M
611513	16	0	GRANPOWDER LUMIERE DP
611608	16	0	에델바이스추출물-DS
611640	16	0	블랙비프로폴리스
611645	16	0	AN-Three Complex(HD)
611646	16	0	AN-Seven Complex(HD)
611653	16	0	오이 추출물-AN
611688	16	0	콰크치즈추출물
611697	16	0	CHEMYSOAP S 3R
611710	16	0	RAWER 6660
611738	16	0	포도씨추출물(H)
611799	16	0	BLUEBERRY LF-622W
611820	16	0	MUNAPSYS
611860	16	0	FRAG-95434
611873	16	0	SKINCARE NA09402
611935	16	0	RHEANCE ONE
611956	16	0	SUN CARE GS73208
611992	16	0	KMP-590
610169	15	0	Beraclay Gold
610197	15	0	카카오색소-씨 ＃M1216 (카카오추출물)
610298	15	0	CUCURBITA EXTRACT
610331	15	0	대나무 수-WP
610336	15	0	ACULYN™ 2051 Rheology Modifier
610395	15	0	FINSOLV TN
610432	15	0	가지 EXTRACT(HD-D)
610468	15	0	홍차 EXTRACT(L)(HD)
610479	15	0	HWF COMPLEX
610530	15	0	JEWELRY EXTRACT-7PE
610558	15	0	금설
610595	15	0	LAVENDER EXTRACT(JQC)(HD)
610680	15	0	MAKIMOUSSE 25
610685	15	0	모로코 클레이 Extract(HD)
610701	15	0	녹조류 Complex(HD)
610738	15	0	오렌지 추출물
610798	15	0	PHYTO STEM CELL-EDELWEISS (S)
610815	15	0	프로폴리스추출물(L)(H)
610823	7	1	POMEGRANATE EXFOLIATOR 500
610862	15	0	Rain Forest RF3110
610879	15	0	10-SEED COMPLEX
610882	15	0	SUNFLOWER OIL
610929	15	0	수래국화 EXTRACT(HD)
610954	8	1	Sodium hyaluronate Solution(Humedix 0.1%)
610982	15	0	산양삼 추출물-GS
610999	15	0	Saline Water(HD)
611059	15	0	탄산파우더
611070	15	0	은행잎 EXTRACT(HD)
611104	15	0	우유추출물-GS
611108	15	0	WAWHITE
611201	15	0	ALOE 4P06456
611210	7	1	BLUE WOMAN3983
611212	15	0	BLUEBERRY AL
611252	15	0	Double Nature FW9027124 CSN000994
611472	15	0	SKIN CARE S1800733
611522	15	0	SKIN-8W
611541	15	0	SKIN CARE S1801190
611546	15	0	MICRO PEARL EXTRACT
611549	15	0	MSI Complex(HD)
611558	15	0	Sphere(W)_Yellow-1B(17GBRA)
611584	15	0	NFC_MadeCera Moisture Capsule™
611602	15	0	SOYPOL-SP(H)
611622	15	0	삼백초Extract(HD)
611639	15	0	[PF]SKIN CARE GS86242
611652	15	0	Bamboo Water(AN)
611666	15	0	MELON-207W
611725	15	0	아라비아고무나무검추출물
611739	15	0	YULMU 3 COMPLEX
611744	15	0	HONEY BUTTER-466B
611751	15	0	도화추출물
611752	15	0	매화추출물
611754	15	0	HYDRAGLOBAL DESERT ROSE S-GLY
611849	15	0	SKIN CARE S1901594
611882	15	0	GUCE7445
611890	15	0	뉴트리언트 5에너지 콤플렉스
611893	15	0	PACK GS96683
611901	15	0	SOLAGUM AX
611952	15	0	LAVENDER-5W
610054	14	0	알로에베라잎추출물(PF)(HD)
610186	14	0	황색4호
610204	14	0	초정탄산수-PA
610266	14	0	CHAMOMILE EXTRACT(HD)(BG)
610299	14	0	치자추출물-KH
610399	14	0	Frescolat ML Crystal
610425	14	0	국화 EXTRACT(HD)
610525	14	0	제주 카렌둘라 추출물
610549	14	0	JEJU 산딸기 EXTRACT(L)(HD)
610615	14	0	리치추출물
610627	14	0	Marine Collagen Solution 소재 관련 문의 답변 건
610645	14	0	MAKIMOUSSE 12
610704	14	0	눈연꽃추출물
610744	14	0	O-JI RELIEF COMPLEX(오지탕)
610745	14	0	옥수수추출물
610765	14	0	PALMAC 98-16(PALMITIC ACID)
610892	14	0	SF0005Z(SERASENSE SF CM 5)
610912	14	0	상백피 EXTRACT
610915	14	0	SILK AMINOS(HD)
610955	14	0	Synthalen CR
610956	14	0	SC FLOWER(H)
610959	14	0	SYNSTAR PURPLE KT-7419
610980	14	0	산호초추출물
610991	14	0	Squeeze White Complex(HD)
610993	14	0	Squezze Purple Complex(HD)
610995	14	0	Squeeze Red Complex(HD)
611029	14	0	THIAMINE HYDROCHLORIDE
611033	14	0	TSF 451-0.65
611116	14	0	6년근 고려 인삼(풍기)-개정
611220	5	1	BODY CARE BP 1611421
611264	14	0	E.O BLEND EA06647
611299	14	0	FINESTONE CO 48567B
611467	14	0	ANC0154
611471	14	0	SKIN&PACK GS77008
611538	14	0	PEACH 18A0463
611564	14	0	TISG
611648	14	0	GREENOL H
611656	14	0	알로에베라잎즙
611658	14	0	MASK NA02830
611770	14	0	SKINCARE S1801207
611810	14	0	FRAG-37400 (토니모리리퀴드 리뉴얼 향-알러젠프리X)
611864	14	0	SKINCARE GS96094
611887	14	0	PACK GS95243
611892	14	0	SKINCARE NA08609
611905	14	0	CETIOL B
610004	4	1	ARGIRELINE SOLUTION(ACETY HEXAPEPTIDE-1)
610052	12	0	아몬드 EXTRACT(HD)
610062	12	0	Algae Ext.(H)
610091	13	0	베리베리 추출물
610105	12	0	바닐라열매 추출물
610120	12	0	발효마유
610122	13	0	백합 EXTRACT(HD)
610137	13	0	BLUEMALLOW EXTRACT(HD-D)
610150	12	0	병아리콩추출물(HD)
610166	12	0	Bioptimized™ Guava
610171	12	0	불가사리 Extract(HD)
610185	13	0	적색2호
610222	4	1	COSMI KC111
610257	12	0	천궁추출물
610281	12	0	COSMETICA SUPER WHITE 9000S
610282	12	0	CESAGUM LN-1
610316	12	0	딸기씨 오일
610351	13	0	달맞이꽃종자유
610367	13	0	EN 5 COMPLEX
610375	13	0	엘더배리추출물(H)
610396	13	0	Flexible-Edelweiss
610402	12	0	Gigawhite Solution
610407	12	0	귀리가루 추출물
610424	12	0	금분
610426	12	0	GREEN WATER
610428	13	0	GLUTAMATE DOE-120
610429	12	0	곡물파우더 COMPLEX
610456	12	0	홍삼수
610492	13	0	흑효모발효물(HD)
610500	13	0	히비스커스꽃 발효 Extract(HD)
610501	13	0	홍삼 발효 Extract(HD)
610506	12	0	인삼추출물
610517	13	0	작약추출물
610527	13	0	제주 녹나무잎 추출물
610532	13	0	제주 산소수(HD)
610540	12	0	자목련 EXTRACT(HD)
610555	13	0	키토산추출물
610562	12	0	퀴노아 추출물
610610	12	0	레몬껍질 발효 Extract(HD)
610612	12	0	락토코쿠스발효물
610648	12	0	MARINE COLLAGEN SOLUTION(PF)
610650	13	0	MICOPOL CME
610656	12	0	밀싹 Extract(HD)
610663	13	0	MICONIUM CTAC29
610684	12	0	메론 Extract(HD)
610687	4	1	NIACINAMIDE USP
610691	13	0	녹차추출물
610707	12	0	NATURAL CLEAN COMPLEX(H)
610712	12	0	NEOREX PGIS
610730	12	0	녹차 발효 Extract(HD)
610731	13	0	첫물차 파우더 P (10~20Mesh)
610750	12	0	OLIVEM 300
610760	13	0	오크라 추출물
610801	12	0	PURE DEFENCE COMPLEX(H)
610808	12	0	Plant Complex(H)
610811	13	0	PURPLE COSMI KC48315V
610828	12	0	페퍼민트 발효 Extract(HD)
610839	12	0	알래스카 빙하수-WP
610849	13	0	RED KT-68820
610860	13	0	로즈마리파우더 (구강)
610865	12	0	Saliguard Triol
610872	13	0	쌀추출물
610946	12	0	SJ-UNIJEL MS(P)
610958	12	0	SAFEELIA PORE REFINING BLEND
610965	12	0	시나몬 Extract(HD)
610971	12	0	Salacos PG-180
610979	12	0	SACHA INCHI EXTRA VIRGIN OIL-ORGANIC CERTI
610989	12	0	SEPICONTROL A5
610996	13	0	Squeeze Yellow Complex(HD)
611005	13	0	수련꽃 Extract(HD)
611016	12	0	Sprout Complex 3(CH)(HD)
611018	12	0	SOFTISAN 649
611034	13	0	탄산온천수
611097	4	1	WHITE FORMULAR K COMPLEX
611117	12	0	요구르트추출물
611118	12	0	양배추EXTRACT(HD)
611120	13	0	YELLOW FLOWER COMPLEX3(HD)
611198	3	1	AQUA LILY BP
611226	13	0	CLEANSING CARE B21187
611232	12	0	CALENDULA-33W
611242	12	0	CHAMOMILE OIL
611259	12	0	ESSENCE-427M
611268	13	0	FRAG-63190
611277	12	0	FRAG-41508  FRAG-37400 (HICC FREE) 개선 향
611390	12	0	PEACH-5194W
611396	12	0	PINK-355B
611408	13	0	Pack GS62864
611422	13	0	SHOWER-369B_아로마뱅크
611479	13	0	THYME OIL_아로마뱅크
611496	12	0	Genamin PQ 7C PF (조성비 자료 요청)
611514	13	0	히더추출물
611532	13	0	페라지탄산수(L)(HD)
611547	12	0	ATL Sphere Pink-4C(1825BR)
611548	12	0	ATL Sphere White-3B(1825BR)
611556	13	0	TPY-900
611578	12	0	GREEN TEA Z-46022210319
611585	13	0	OG 21 NAT
611603	12	0	KF-7312J
611632	12	0	SILSHINE 150
611644	13	0	MASK NA02831
611662	13	0	SUPER COLLAGEN(HD2)
611669	12	0	MAGNOLIA 5 NAT
611675	12	0	BAMBOO LF-51W
611689	13	0	[PF]SOY MILK LF-7251W
611712	13	0	Organic Virgin Hemp Seed Oil
611774	13	0	Hydrolyzed Conchiolin Protein HD
611781	12	0	FRAG-11775
611785	12	0	FRAG-11773
611787	12	0	TWICY 2733
611797	13	0	알로에추출물-WHD(P)
611798	13	0	ARTE-434W
611801	12	0	GREENISH BOX CSN009250(HICC FREE) 이름 변경 요망
611822	13	0	CARNIPURE CRYSTALLINE
611825	12	0	REALFERM-SS10 (단종제품)
611837	13	0	SAFRA 65834L
611899	13	0	다마스크장미꽃추출물(W)
611904	12	0	ARPEGE-803W_
611930	12	0	TEFLOSE
611936	13	0	SKIN CARE S1800996
611945	13	0	SPIRAEA EXUDACTIVE C
611946	12	0	KAHLWAX 7636
611957	13	0	AN-팔각회향추출물 PE
611958	13	0	AN-귀리가루추출물 PE
611959	13	0	AN-알로에베라잎추출물 PE
611961	13	0	AN-아르니카꽃추출물 PE
611962	13	0	AN-쓴쑥추출물 PE
611964	13	0	AN-망고추출물 PE
611965	13	0	AN-녹차추출물 PE
611966	13	0	AN-꿀추출물 PE
611967	13	0	AN-카렌듈라꽃추출물 PE
611968	13	0	AN-겐티아나추출물 PE
611969	13	0	AN-서양톱풀추출물 PE
611976	12	0	MAGNESIUM SULFATE HEPTAHYDRATE
610031	11	0	아세로라추출물
610048	11	0	AURUM Y-10(P)
610069	11	0	ANC Complex
610086	11	0	AGS-WM100C
610125	11	0	BSG-250
610164	11	0	블래더랙앨지추출물(H)
610187	11	0	청색1호
610203	11	0	콜로이달백금
610265	11	0	CRANBERRY EXTRACT(HD)
610322	11	0	돈피콜라겐-수
610443	11	0	GGL100
610493	11	0	HYALOVEIL-MPF
610505	11	0	KESTER WAX K82-P (HYDROXY POLYESTER)
610507	11	0	ICELAND GLACIER WATER(아이슬란드 빙하수)
610518	11	0	진주추출물
610575	11	0	꿀풀잎추출물(HD)
610579	11	0	금송뿌리추출물
610583	11	0	레몬추출물
610608	11	0	LANOL P ECAILLES
610662	11	0	MICONIUM STAC30
610708	11	0	NCOS WHITE COMPLEX(H)
610759	11	0	오디추출물-EHD
610877	11	0	사과추출물
610909	11	0	사과수-WP
610911	11	0	SIMULGEL EG
610970	11	0	SURFACTIN
610975	11	0	3-PHYTO COMPLEX
610983	11	0	쌀겨수(H)
611055	11	0	Tartaric Acid
611061	11	0	Tone-up dressing(HD)
611109	11	0	우엉추출물(HD)
611119	11	0	YARROW EXTRACT(HD-20)
611197	11	0	ARPEGE APW
611291	11	0	FRAG-80769
611303	2	1	GARDENIA LILY BP
611320	11	0	GOLD KIWI-966W
611324	11	0	GREEN TEA NR-50105
611339	11	0	HAN 14R-1W
611356	11	0	LASTIAN-91W
611383	11	0	MAU GIN-42W
611414	11	0	ROSE-554H
611430	11	0	SKINCARE GS42891
611455	11	0	SUMMER NAT
611462	11	0	SKIN CARE RA07348
611478	11	0	TZM-1W
611551	11	0	들깨 Extract(HD)
611610	11	0	자목련꽃추출물
611674	11	0	REALFERM-SS10
611707	11	0	ROSE EXTRACT HD
611713	11	0	흰목이버섯포자낭과추출물(N)
611736	11	0	HAZELNUT-673W
611737	11	0	포도주추출물(H)
611818	11	0	HP-AI28615
611870	11	0	SKINCARE GS96789
611938	11	0	HAIRCARE FKA00599
611995	11	0	COOLING AGENT WS-3
611998	11	0	TWINKLE TOMORROW CSN041123
610007	10	0	Aloe Leaf Juice Solution(상황버섯 균사체 발효알로에)
610101	10	0	벚꽃추출물
610133	10	0	Buriti Oil Refined
610136	10	0	BLACK C COMPLEX(HD)
610205	10	0	NATURAL COFFEE EXTRACT
610275	10	0	CIBAFAST H LIQUID
610291	10	0	Cats claw Extract(HD)
610319	10	0	딸기추출물
610328	10	0	DOUBLE COLLAGEN
610332	10	0	당나귀유솔루션(동키밀크)
610403	10	0	GREEN PURE COMPLEX(그린퓨어컴플렉스)
610447	10	0	Ghassoul Clay(moroccan lava clay)
610455	10	0	하이드로라이즈드콜라겐(파우더)
610487	10	0	흑설탕추출물(H)
610522	10	0	제주벗꽃추출물
610545	10	0	Jewelry complex(H)
610563	10	0	KEEP MOIST COMPLEX
610578	10	0	깔라만시 Extract(L)(HD)
610737	10	0	오이추출물
610741	10	0	오이추출물(PF)
610746	10	0	오배자추출물
610790	10	0	PHYTO OLIGO(HD)
610800	10	0	PHYTO HA(H)
610832	10	0	라임추출물
610853	10	0	RB-AMP COMPLEX-GS
610857	10	0	RB-CLEAN COMPLEX
610939	10	0	쑥파우더(BL)
610969	10	0	SY-Mixture
611013	10	0	SeraSilk PD 85
611014	10	0	STARPHERE S5-AP23
611063	10	0	유비퀴논
611073	10	0	Ubisome Q10 P1
611214	10	0	BERLINOISE AF 39567C
611243	10	0	CINNAMON-88W
611255	10	0	EN W_402141
611297	10	0	FRAG-66462
611351	10	0	JAUM-63W
611370	10	0	LAVENDER HP-AG24569
611423	10	0	SNAIL-85B
611444	10	0	SKIN CARE SCP 1609381
611509	10	0	아이슬란드 이끼 추출물(HD)
611518	10	0	BELSIL EG 6000
611561	10	0	HYALPOL SENSO
611572	10	0	TEGO SULFOSUCCINATE DO75
611598	10	0	PHYTOWAX 12L44
611618	10	0	베르가못 열매 추출물 IT (HD)
611625	10	0	Calamine D
611657	10	0	SKIN CARE EA10861
611677	10	0	PEACH-20W
611780	10	0	FRAG-11774
611796	10	0	들깨잎수-THD
611802	10	0	FRAG-11973
611808	10	0	GARDEN MINT-7W
611827	10	0	홍차수(SL-HD) (코딩번호 변경됨 이전611778)
611830	10	0	PRELUDE-134W
611831	10	0	ONE POT ANTIOXI-MM-EX
611856	10	0	FRAG-37399
611861	10	0	ALOE VERA HP-AI31241
611866	10	0	[PF]MAGNOLIA LF-316W
611867	10	0	INULIN-SC
611896	10	0	ORIENTAL ROSE 19C0559
611940	10	0	LAVENDER HP-AI33183
610088	9	0	AC-AZW50-1(50MESH)
610100	9	0	복숭아추출물
610135	9	0	보리 Extract(HD)
610142	9	0	BERACLAY DARK RED
610303	9	0	Chlorophylls Extract HD
610333	9	0	DOC COMPLEX
610355	9	0	DB-AN Complex I(H)
610390	9	0	FIRMING PLUS COMPLEX(H)
610416	9	0	GOLD VOLUME COMPLEX
610433	9	0	Gransil DMCM-5
610438	9	0	곡물파우더 COMPLEX 2
610475	9	0	홍차발효 EXTRACT(L)(HD)
610515	9	0	Ice Plant Extract(HD)
610628	9	0	마테잎추출물
610629	9	0	M-P
610643	9	0	몰약오일
610673	9	0	말리화꽃추출물
610683	9	0	Multi Soothing Complex-HD
610714	9	0	NA-BENZOATE
610717	9	0	난각막 Extract(HD)
610751	9	0	Orchid Extract(HD)
610804	9	0	PVA-205
610854	9	0	RB-CM 3 COMPLEX
610855	9	0	RB-CM 1 COMPLEX-GS
610856	9	0	RB-TN COMPLEX
610887	9	0	SYNCOLL PEPTIDE SOLUTION
610957	9	0	쑥오일(Mugwort Oil)
611000	9	0	SOFTIGEN 767
611019	9	0	TREHA
611020	9	0	탄력마스크(COMPLEX)
611077	9	0	유기농 페퍼민트잎
611103	9	0	월귤나무 EXTRACT (HD)
611121	9	0	YELLOW CLAY
611186	9	0	옥정수(HD)
611195	9	0	APPLE WING FJ7016221
611206	9	0	ALOE-616W
611207	9	0	AIR LILY AF 54639B
611209	9	0	BODYCARE 77366
611237	9	0	CACAO CHOCOLATE HP-AF23841
611238	9	0	CK ONE-28M
611240	9	0	CUCUMBER-802W
611262	9	0	EMA 4 NAT
611289	9	0	FRAG-64906
611296	9	0	FRESH FLORAL 7P02896
611300	9	0	FRESH FLORAL 15P04358R
611340	9	0	HAN-13W
611352	9	0	JEJU-94W
611367	9	0	LAVENDER-55W
611372	9	0	LYCHEE-45W
611404	9	0	PACK GS80727
611406	9	0	PACK GS80789
611407	9	0	PACK GS81737
611441	9	0	SKIN CARE SCP 1610522
611457	9	0	SKIN CARE RA06324
611458	9	0	SKIN CARE RA06332
611459	9	0	SKIN CARE SCP 1609201
611464	9	0	SKIN CARE RA10418
611475	9	0	SKIN CARE EA06616
611477	9	0	TOMATO-83W
611480	9	0	Twinkle Parade CSN030058
611486	9	0	WATERMELON BP 1506172
611506	9	0	PACK GS85940
611565	9	0	AT Mucogel_Red
611568	9	0	LexFeel WOW-DT
611595	9	0	BELSIL DMC 6038
611606	9	0	Crystal Complex
611663	9	0	Structurine GLY(NEW)
611672	9	0	K-SAM GE-500F
611680	9	0	YUZA GS95404
611706	9	0	SKIN CARE NA05108
611743	9	0	쌀겨300
611771	9	0	금감열매추출물
611909	9	0	PARSOL HMS
611913	9	0	UVINUL MC80
611932	9	0	LAPB
610005	7	0	ARGEL PINK RAW EARTH MINERAL
610009	7	0	APPLEMINT EXTRACT(애플민트추출물)
610067	7	0	ATL Sphere Ivory (MD6BR)
610106	8	0	BEAUTY BLACK
610114	8	0	바다소금 추출물
610146	8	0	베르가못 열매 Extract(HD)
610147	8	0	BRB-6341
610151	8	0	보리추출물(L)(H)
610163	8	0	Baby Ato complex(H)
610165	7	0	BLONDIEE BRILLIANT GREEN 7981S
610183	7	0	혼합초록
610184	7	0	황색5호
610195	8	0	CARBOPOL UTRA Z-10(ULTEZ 10)
610231	8	0	COLORLETS-YELLOW(HG)(20-30mesh)
610240	7	0	CROCODILE OIL
610251	7	0	콜라겐추출물(OL)
610259	7	0	Cellactive-Hydro
610260	8	0	Cellactive-White
610274	7	0	COMFREY LIPQUID B
610278	7	0	CELL SOURCE
610296	7	0	CRANBERRY EXFOLIATOR 500
610310	7	0	Calolite LP
610324	7	0	DRAGONS BLOOD SOLUTION(P)
610347	7	0	당근 Extract(HD)
610349	7	0	DM-45
610411	8	0	검은깨 추출수-WP
610427	7	0	고삼엑스(HD)
610430	7	0	게르마늄 Water(HD)
610434	7	0	과라나씨추출물(H)
610436	8	0	감국캘러스배양추출물(H)
610457	8	0	화산재추출물
610462	7	0	HAC-1.0
610488	8	0	호로파씨 Extract(HD)
610504	8	0	해마 추출물(HD)
610514	8	0	INNO GUARD 2000
610523	7	0	제주감자추출물
610546	8	0	지모 EXTRACT(HD)
610550	7	0	JURYMER AC-10H
610602	8	0	레몬그라스추출물(H)
610603	7	0	LAPONITE XLG
610605	8	0	LAWNGREEN COSMI KC48305PB
610606	8	0	LIGHT GREEN COSMI KC48336PB
610625	7	0	MANUKA HONEY EXTRACT
610636	7	0	모공다운콤플렉스
610640	8	0	MICOLIN A 526
610641	8	0	MICOLIN ES 528
610664	8	0	MICONIUM PQ10-J3000
610675	8	0	망고스틴Extract(HD)
610705	8	0	NCOS RM COMPLEX(H)
610706	8	0	NCOS LM COMPLEX(H)
610715	8	0	녹차추출물분말-씨에이
610784	7	0	PHOENOMULSE 100
610793	8	0	포도 추출물
610797	8	0	Passion Fruit Oil Refined
610812	8	0	PVP VA 64P
610816	8	0	PROPOL ISLB
610838	8	0	REAL COCONUT-PA
610842	7	0	ROSE WATER(CM)2
610850	8	0	로즈 플라워 페탈
610859	8	0	RED KT-96208F-008
610861	8	0	Red Swiftlet Nest Extract HD
610900	7	0	SHEEP PLACENTA
610905	7	0	사과 수-PA
610936	7	0	SILSOFT E-PEARL PMF
610938	7	0	SHARON MICRO GOLD 7000M
610953	7	0	Soya SPL 95H
610967	8	0	Swiss Alpine Herb
610984	8	0	SLIMMING COMPLEX
611006	8	0	시넨스국화꽃 Extract(HD)
611049	7	0	토르말린추출물(HD)(TOURMALINE EXTRACT(HD))
611052	7	0	타히보껍질 EXTRACT(HD)
611054	7	0	TEGOCARE CG90
611062	7	0	TIMIRON SYNBEAM RED
611094	8	0	VC-PMG C
611100	7	0	위치하젤껍질잎잔가지추출물
611123	8	0	YAM EXTRACT (HD)
611200	7	0	RAPE HONEY-24W
611202	7	0	AMAZING EMOTION CSN009277
611203	8	0	ARTE-100W
611211	8	0	BAMBOO-36W
611217	8	0	BETWEEN GLOW CSN009253
611218	7	0	BANANA MILK-821W
611223	8	0	BLACK ORCHID HP-AF23844
611224	8	0	Begonia CO53612E
611229	8	0	CUCUMBER-192B
611230	7	0	COCONUT-112W
611231	7	0	CHERRY BLOSSOM-07W
611233	8	0	CAMELLIA-93W
611235	7	0	CHOCO-442W
611239	7	0	CITRUS-28760
611247	8	0	DRAGON BLOOD-19W
611250	7	0	DR 3 NAT
611263	7	0	ELODIE DV 9893_D
611265	7	0	FRAG-32963
611287	8	0	FRAG-50867
611301	8	0	GREEN TEA Z-460222103
611316	7	0	GREENISH BOX CSN009250
611319	8	0	GS62938
611323	7	0	86389003 Green Tea
611335	7	0	HONEY-31604W
611338	7	0	HAN 13R-2W
611343	8	0	HONEY BUTTER-281B
611345	8	0	HRB-89W
611347	8	0	ICE PLANT-16W
611348	7	0	INTO ROMANCE CSN009249
611371	8	0	LYCHEE MANGO FRA HP 1507261
611373	8	0	MAGIC SPELL-1B
611374	8	0	MAGNOLIA-587W
611381	7	0	MA-3W
611382	8	0	MANGO-72L
611386	7	0	OTM-583W
611388	8	0	Oriental wood 16C0443
611393	8	0	PINEAPPLE-712W
611400	7	0	PF-311016
611402	8	0	PEAR-135W
611403	8	0	PACK GS80728
611409	8	0	PACK GS80680
611416	7	0	RCF 4 NAT
611419	7	0	SET-0255W
611435	7	0	SKIN CARE SCP 1609105
611437	7	0	SKIN CARE SCP 1610417
611438	7	0	SKIN CARE SCP 1610420
611439	7	0	SKIN CARE SCP 1610414
611440	7	0	SKIN CARE SCP 1610334
611445	7	0	SKIN CARE SCP1609433
611451	8	0	SKIN CARE SCP 1612344
611452	8	0	SKIN CARE SCP 1612424
611456	8	0	STRAWBERRY-805L
611460	7	0	SKIN CARE ANC0207
611461	8	0	SKIN CARE RA06318
611463	8	0	SKIN CARE ANC0217
611468	8	0	SKIN CARE EA04609
611474	8	0	SKIN CARE EA04222
611482	8	0	VANILLA BW-4B
611489	8	0	YUZA-671W
611493	7	0	[PF]JEJU-284W
611503	8	0	분홍바늘꽃 추출물 (HD)
611581	7	0	BIOGENIC CITRUS JUNOS FRUIT OIL
611600	8	0	SKIN CARE S1801937
611691	7	0	5 GRAIN POWDER
611731	8	0	DOWSIL BY11-030
611735	8	0	인진쑥1000
611769	8	0	CLEOMILK
611788	7	0	MAGNOLIA-805W
611815	7	0	YOGHURT-75L
611834	7	0	JAPANESE-856B
611838	8	0	JCB LF-971B
611840	7	0	PATCHOULI OIL
611848	7	0	CUCUMBER-72B
611852	8	0	ESSENCE-282M
611855	7	0	Amazing Emotion B CSN042867
611857	7	0	SENSATION LF-1027W
611907	8	0	PARSOL 340
611963	7	0	콜라겐펩타이드-알에스
611986	8	0	제주해수 HD
610016	6	0	아로니아추출물
610017	6	0	ALOE LEAF JUICE SOLUTION
610025	6	0	AMISOFT LS-11(F)
610033	5	0	ALOE BARBADENSIS LEAF JUICE
610044	6	0	ALOE BARBADENSIS LEAF JUICE(P)
610046	5	0	AMISOFT MS-11(F)
610053	6	0	ALBUMEN EXTRACT (HD)
610055	5	0	ATL Coasphere CLEAR (N.MCT)
610056	6	0	ATL Coasphere NR-4(N.MCT)
610058	5	0	ATL Coasphere BLUE(N.MCT)
610066	6	0	ATL Coasphere D_Blue(N.MCT)
610075	6	0	ALUMINIUM GLYCINATE
610096	6	0	BERRY COMPLEX EXTRACT(베리컴플렉스추출물80%)
610099	5	0	백년초추출물
610102	6	0	블루베리추출물
610118	6	0	블레미쉬마이너스콤플렉스
610138	5	0	BLACKBEE PROPOLIS EXTRACT
610152	6	0	BEE POLLEN EXTRACT (HD)
610161	6	0	발효비타민나무추출물(PF)
610178	5	0	CERAMIDE 3 SOLUTION(세라마이드 추출물)
610191	5	0	CITRUS COMPLEX(레몬라임추출물)
610193	6	0	캐비어추출물
610202	6	0	CS BION K
610224	5	0	COLORLETS GREEN(20-30MESH)
610229	5	0	COLORLETS BLUE(20-30mesh)
610230	5	0	COLORLETS WHITE(20-30mesh)
610236	6	0	CHAMAECYPARIS OBTUSA WATER(H)(P)
610252	5	0	CERESIN WAX ＃810
610302	5	0	CENTELLA ASIATICA
610304	6	0	Cygnus Deep Green CG552
610305	6	0	Cygnus Prima Blue CB440
610325	6	0	당나귀유솔루션(동키밀크)
610340	6	0	DIAMOND CLARTY COMPLEX
610348	6	0	DIAMOND EXTRACT (HD)
610352	6	0	DOW CORNING HMW 2220
610356	5	0	DRAGOXAT 89
610372	6	0	EMULGADE-PL6850
610383	6	0	EC-7881S
610387	5	0	EMU OIL
610391	5	0	9000F
610413	5	0	겨우살이 EXTRACT(HD)
610414	5	0	겨우살이열매 EXTRACT(HD)
610453	6	0	황금녹차스네일
610467	6	0	HYDRA BARRIER COMPLEX
610476	5	0	해양 20 COMPLEX
610478	6	0	홍화 EXTRACT(HD-D)
610482	6	0	홍국추출물(홍국적)
610508	5	0	ICE PLANT EXTRACT(P)
610528	5	0	JENNY COMPLEX-1
610529	6	0	JENNY COMPLEX-2
610539	6	0	JEJU GOID SNAIL SECRETION FILTRATE
610543	5	0	진피 Extract(HD)
610560	5	0	K-1
610561	5	0	KRL-160
610573	6	0	KELCOGEL LT-100
610576	5	0	Konjac Gum(YZ-JF-30H)
610581	5	0	KESTER WAX K82H
610590	5	0	LOTUS FERMENT VINEGAR(HD)
610599	6	0	LIPIDURE PMB-DK
610644	5	0	Marine Collagen Extract
610672	6	0	Menadione Sol.(H)
610699	5	0	난황 EXTRACT (HD)
610713	5	0	NBT TIO2G
610752	6	0	Oleic acid (Compoesition 자료없음)
610754	6	0	OMEGA36-ANC
610756	6	0	ODM
610757	6	0	OIL CONTROL KSY-12 (TFA)
610766	6	0	Phyto Oligo
610789	6	0	PEAR VIVANT COMPLEX
610792	6	0	파프리카추출물
610795	6	0	PINEAPPLE EXTRACT
610796	5	0	PHYTOPY TF(HD)
610843	6	0	ROSA CENTIFOLIA FLOWER WATER(H)(P)
610845	5	0	ROYAL JELLY EXTRACT(로얄제리추출물)
610847	5	0	라즈베리수(HD)
610848	6	0	ROSE PREMIUM ABSOLUTE
610878	5	0	살구추출물
610893	6	0	SUPERSIL 5500
610894	5	0	SUPERSIL PS-1500
610913	5	0	SKIN PROTECTIVE
610920	5	0	SILK AMINO ACIDS
610928	5	0	SPA Water(HD)
610940	5	0	Salacos 6318V
610941	5	0	Schercemol 318 ester
610960	5	0	SILVER BLACK PEARL COSMI KC402D
610966	6	0	SPF AZC 90
610978	5	0	SL-6001S
610990	6	0	SH 3771 M_신규 원료 자료
611015	5	0	센나씨추출물
611032	5	0	탄산수-WP
611043	6	0	탄력마스크V.2
611098	5	0	WATERMELON EXTRACT SOLUTION(P)
611101	6	0	WATER PLUMPING COMPLEX
611105	6	0	Water Full Complex(HD)
611106	6	0	Wilbride S-753
611193	5	0	SILSOFT 895
611199	6	0	APPLE FRUITY-143W
611204	5	0	아카시아꿀향 09C00062
611213	5	0	BANANA-7017W
611245	6	0	DEEP CLEAN FB2017117
611251	6	0	DUAL 2731
611253	6	0	DUBBLE 2732
611261	5	0	EEKB-047J
611266	5	0	FRAG-63149
611278	6	0	FRAG-41292
611279	5	0	FRAG-28550
611284	5	0	frag-62511
611288	6	0	FRAG-50863
611290	6	0	FRAG-83182
611292	6	0	FRAG-80770
611294	5	0	FRAG-81000
611305	5	0	GRAPEFRUIT-3W
611313	6	0	GRAPEFRUIT-233W
611332	6	0	HP-316762
611333	5	0	HP-316874
611334	6	0	HORSE U-319W
611342	5	0	HERBAL FLORAL HP-AF22657
611349	6	0	JCB-303B
611350	6	0	JASMIN SCP 1508303
611357	6	0	LUXURY-274W
611360	5	0	LNB-65B
611362	6	0	LAVENDER CH-91B
611375	6	0	MANDARIN-7B
611387	5	0	OILBANUM-34361
611412	6	0	ROSE EVELYN-93B
611425	6	0	SHEA-26901BB
611427	6	0	SAFRA 65834
611436	5	0	SKINCARE SPC 1606523
611446	5	0	SKIN CARE SCP 1612422
611447	5	0	STEP AQUA-73W
611448	5	0	STEP BLACK-3W
611449	5	0	STEP BRIGHT-756W
611450	5	0	SCP1611377 AIPPOTYPE
611453	6	0	SKIN CARE RA02353
611454	6	0	SKIN CARE RA 06439
611484	6	0	WOW-10W
611488	5	0	YOGHURT-99W
611582	6	0	Sunsoft A-12E-C (리즈너뷰티2종 대외용 원료)
611617	6	0	Cheerful Motion CSN031800
611621	6	0	ORANGE BLOSSOM-22W
611636	5	0	[PF]AUTUMN WINE CSN033500
611668	6	0	OLIVEM 800
611678	6	0	SKIN CARE NA 03111
611686	6	0	Multicare-Plus
611700	6	0	RISOCAST ODSHS
611753	6	0	율무껍질추출물(HD)
611789	6	0	ACULYN 38
611803	6	0	SOY EXTRACT(HD)
611819	5	0	FLORAL WOODY 7P06457 (HICC FREE)
611871	5	0	ONE TIME AF 36438G
611900	6	0	SKIN CARE NA11753
611954	6	0	허니서클추출물-GS
610015	3	0	ALPAFLOR EDELWEISS
610032	4	0	ALOE EXTRACT SOLUTION(P)
610035	4	0	알로에 추출물 솔루션2(P)
610040	3	0	아쿠아-앰플 COMPLEX
610057	4	0	ATL Q10 Coasphere-4(N.MCT)
610117	4	0	브라이트닝더블콤플렉스
610124	4	0	BABY CODE
610129	3	0	BEET ROOT EXTRACT (P)
610144	4	0	분꽃 EXTRACT(HD)
610189	3	0	카라멜분말2호
610190	3	0	크리스탈 워터
610196	4	0	CS-JEJU HORSE FAT
610206	4	0	CUCUMBER EXTRACT SOLUTION (P)
610209	4	0	CITRUS LIMON(LEMON) EXTRACT SOLUTION(P)
610210	4	0	CITRUS LIMON (LIMON) JUICE
610227	4	0	CUCUMBER EXTRACT(P)
610235	4	0	콜라겐-앰플COMPLEX(H)
610237	3	0	콜라겐-마스크COMPLEX(H)
610244	3	0	CHAMOMILLA RECUTITA (MATRICARIA) FLOWER WA
610246	3	0	Citrus Unshiu Peel Extract(P)
610286	3	0	CAMELINA SATIVA SEED OIL, COLD PRESSED
610292	3	0	코코넛
610323	3	0	대나무수추출물(P)
610337	3	0	DIGITAL PINK
610338	4	0	9001D
610339	4	0	7401D
610370	4	0	EMALEX MTS 15L
610406	4	0	가르시니아추출물
610419	3	0	GOLD KIWI EXTRACT(P)
610440	3	0	GLYSURF 10ML
610441	3	0	GLYSURF 10MM
610450	3	0	HYDROLYZED COLLAGEN EXTRACT(돈피콜라겐 추출물)
610459	3	0	효모복령발효추출물
610461	3	0	황금 누에고치 추출물-PA
610512	4	0	INOSITOL
610520	3	0	지장수
610551	3	0	죽순추출물
610564	3	0	KOREAN PINE SEED OIL
610589	3	0	레몬 추출물 솔루션2(P)
610591	4	0	레몬버베나꽃 EXTRACT(HD)
610592	3	0	라인 마이너스 콤플렉스
610593	4	0	LUMI IN POWDER
610594	3	0	LINE MINUS COMPLEX(H)
610600	3	0	라벤더오일
610609	3	0	LUSPAN PI-DA
610624	4	0	MOIST 24
610646	3	0	모공-앰플COMPLEX(H)
610647	3	0	모공-마스크COMPLEX(H)
610651	4	0	MAGCHROM S-7601C
610657	4	0	MICRO CRM
610695	3	0	녹차수
610696	4	0	뉴질랜드산양유추출물
610719	4	0	NBT TIO2C
610723	4	0	제주녹차파우더GB2000
610726	4	0	NLFG HOLO SILVER STAR 4901 (ECO GLITTER-14
610727	4	0	NLFG HOLO PINK STAR 4912 (ECO GLITTER-95)
610728	4	0	NLFG HOLO SILVER 4901 062 HEX (ECO GLITTER
610733	3	0	ORGANIC REFINED DEODORISED ARGAN OIL
610734	3	0	ORGANIC REFINED SHEA BUTTER
610755	4	0	오이추출물-WHD
610767	3	0	PEARL POWDER
610769	3	0	PHYTO FERMENT EXTRACT(식물성 발효 추출물)
610786	4	0	페퍼민트수
610788	3	0	PORE DOWN COMPLEX(H)
610799	4	0	파슬리엑스(KQC)(HD)
610840	3	0	ROSE EXTRACT SOLUTION(P)
610864	4	0	수분마스크(COMPLEX)
610871	4	0	스위스알파인허브(SWISS ALPINE HERB)
610881	3	0	SYMDIOL 68T
610885	4	0	셀틱워터
610886	3	0	SYN AKE
610901	4	0	SOLANUM LYCOPERSICUM(TOMATO)FRUIT JUICE
610906	4	0	서양장미꽃수-PA
610914	3	0	SHARON BRILLIANT GOLD 7001S
610931	3	0	수용성 라놀린
610933	4	0	SOME™ PGA-BG5
610961	4	0	SKOLOR ONYX BLACK 1010S
611003	4	0	사해소금
611022	4	0	TOTAROL
611026	4	0	TEA TREE EXTRACT(티트리추출물80％)
611027	3	0	TRA SCRUB BK 10
611035	4	0	TOMATO EXTRACT SOLUTION(P)
611041	4	0	TRA SCRUB WHITE
611042	4	0	TRA SCRUB CORAL
611045	3	0	T.W-앰플COMPLEX(H)
611051	4	0	TEA TREE OIL(PENTA)
611056	4	0	토마토추출물-WHD
611069	4	0	은방울꽃 EXTRACT(HD)
611084	4	0	VITIS VINIFERA (GRAPE) FRUIT WATER(P)
611099	3	0	WITCH HAZEL EXTRACT SOLUTION(P)
611122	4	0	율무파우더500
611215	3	0	Blackberry-0062w
611219	4	0	BLACK-335W
611221	4	0	BOC 23
611227	3	0	CRYSTAL-327B
611228	3	0	CLEANSING CARE B21191
611234	4	0	BM 6 NAT
611236	4	0	COOL WATER-265W
611246	3	0	DOLLY-83B
611256	4	0	ENTAL-510W
611257	3	0	ETKB-127J
611258	3	0	EDKB-052J
611260	3	0	EYKB-143J
611269	4	0	FRAG-29803
611281	4	0	FRAG-62264
611285	3	0	FRAG-41255
611286	3	0	FRAG-62557
611293	3	0	FRAG-50704
611304	3	0	GREEN T-74B
611306	4	0	GOAT U-130W
611307	3	0	GDK-31102
611308	3	0	GDK-14256
611310	3	0	GDK-39993
611311	3	0	GDK-04
611312	4	0	GDK-83930
611315	3	0	Golden Kiwi-6W
611326	3	0	HP-316241
611327	3	0	HP-316821
611328	4	0	WHO HISTORY FI6013330
611331	3	0	HP-306670
611336	3	0	HERB LH-6B
611341	4	0	HP-31971
611346	3	0	IN BLOOM FZ9017683
611353	4	0	KXCYW0013(FQ6004336)
611358	4	0	LNB-656B
611359	3	0	LAVENDER H-9B
611363	4	0	LIP CARE 80759
611376	4	0	MY OCEAN FX8014347
611377	3	0	Mandarin BW-7B
611379	3	0	MASK PACK HP-317937
611380	3	0	MASK SHEET 86124
611385	4	0	ORANGE BLOSSOM-309W
611389	4	0	POME-802W
611391	3	0	PF-MASK PACK 7P01892
611394	4	0	PEONY-417W
611413	3	0	RED ROSE-419W
611420	3	0	SAFRA 66428
611424	4	0	SAFRA 66304
611426	3	0	SENSATION-204W
611428	3	0	SPIDER-545W
611431	4	0	SKIN CARE GS 51260
611432	4	0	SAFRA 66330
611434	3	0	SKIN CARE GS 51256
611442	4	0	STEM-811W
611473	4	0	SAFRA 67250R
611483	3	0	WATERMELON-78W
611485	4	0	WILD GINSENG fra. BP 1507224
611515	3	0	SKIN CARE RA12604
611536	4	0	SKIN CARE EA 09620
611604	3	0	Camelina Seed Oil, CP
611687	4	0	NCOS Complex II(H)
611690	4	0	커먼자스민꽃가루3000
611692	4	0	유기농비누풀뿌리추출물
611786	4	0	Deep Clean C CSN037854
611814	3	0	KXCYW0013ACSN037155
611839	3	0	LNB LF-750B
611872	3	0	SKIN CARE NA11570
611960	4	0	FRAG-54987
611970	4	0	[PF]ECLARPE 7074
611981	3	0	Red A33 Base
611993	3	0	Q70E
610038	2	0	아쿠아 더블 콤플렉스
610039	2	0	아쿠아-마스크 COMPLEX
610051	2	0	아쿠아-마스크COMPLEX(H)
610093	2	0	버섯콜라겐-TF
610095	2	0	밤껍질추출물
610127	2	0	BLEMISH MINUS COMPLEX(H)
610128	2	0	BRIGHTENING DOUBLE COMPLEX(H)
610132	1	0	BABY CODE-CH
610179	2	0	COLOSTRUM SOLUTION 0.1％(초유 추출물)
610181	1	0	CH-7 MUSHROOM
610207	2	0	COCONUT EXTRACT SOLUTION(p)
610216	2	0	CALENDULA EXTRACT SOLUTION(P)
610217	2	0	CHAMOMILLA RECUTITA FLOWER WATER(P)
610218	2	0	콜라겐-마스크COMPLEX
610219	2	0	콜라겐-앰플COMPLEX
610220	2	0	CHAMAECYPARIS OBTUSA WATER(P)
610312	2	0	DRAGONS BLOOD
610314	1	0	DONKEY MILK SOLUTION(동키 솔루션)
610317	1	0	DOUBLE COLLAGEN LIPOSOME
610392	2	0	FLAMENCO SATIN PEARL
610393	2	0	FLAMENCO SUPER GOLD
610410	2	0	GRAPEFRUIT EXTRACT(P)
610451	2	0	효모구기자 발효추출여과물
610452	2	0	효모동충하초 발효 여과물
610463	2	0	효모홍삼발효여과물
610465	2	0	화이트닝-마스크COMPLEX
610471	2	0	화이트닝-마스크COMPLEX(H)
610618	2	0	MIRAPOL 550SB
610630	1	0	MEADOWSWEETMARSHMALLOW EXTRACT
610637	2	0	모공-마스크COMPLEX
610638	2	0	모공-앰플COMPLEX
610690	2	0	NANOPLATINUM GINSENOSIDE SOLUTION
610692	2	0	NATURAL 3FF COMPLEX
610711	2	0	누에EXTRACT(HD)
610732	2	0	OSMOPUR
610736	1	0	온천수
610770	2	0	프로폴리스추출물(사용안함)
610771	2	0	PHYTONCIDE NUT PINE OIL
610834	2	0	알레스카 빙하수
610841	2	0	ROSA CENTIFOLIA FLOWER WATER(P)
610870	1	0	SECRET HYDRA COMPLEX(시크릿 하이드라 컴플렉스)
610875	1	0	송이버섯추출물(TRICHOLOMA MATSUTAKE EXTRACT)
610988	2	0	Sunsoft Q-192Y-C
611036	2	0	티트리추출물-TE
611038	2	0	T.W-앰플COMPLEX
611039	2	0	트러블-마스크COMPLEX
611046	2	0	트러블-마스크COMPLEX(H)
611064	2	0	UAK-12HD(1,2-HEXANDIOL)
611080	1	0	VITA FLOWER COMPLEX
611085	2	0	VITIS VINIFERA (GRAPE) FRUIT WATER(H)(P)
611205	2	0	ADORABLE 1
611270	1	0	FRAG-50216
611271	1	0	FRAG-27998
611272	1	0	FRAG-29586
611274	1	0	FRAG-50215
611275	2	0	FRAG-27989
611282	1	0	FRAG-32342
611283	2	0	FRAG-27578
611309	2	0	GDK-270820
611314	2	0	구달수분장벽크림
611354	1	0	LOLITA-6169B
611395	1	0	PK-6H61665
611411	2	0	ROSE-50411
611421	2	0	SKIN ENERGY FR7018548
611443	2	0	SKIN CARE SCP 1605515
611481	2	0	VANI-5273B
611535	1	0	SKIN CARE EA 09715
611594	1	0	골든캡슐앰플향
611605	2	0	ROSE ESSENTIAL OIL
611698	1	0	SKIN CARE S1900673
611699	1	0	SKIN CARE S1900674
611784	2	0	Skin Energy A CSN038626
611841	1	0	에델바이스캘러스배양추출물
611854	2	0	KAOLIN-WJP
611859	2	0	BODYCARE B75367
611947	1	0	AMP ULTRA PC 2000
611979	2	0	CAR COMPLEX(HD)